name,category,weight,quartile
Robert De Niro,nconst,64,Q4
Samuel L. Jackson,nconst,56,Q4
Bruce Willis,nconst,52,Q4
Nicolas Cage,nconst,43,Q4
Morgan Freeman,nconst,41,Q4
Dennis Quaid,nconst,39,Q4
Mark Wahlberg,nconst,38,Q4
Anthony Hopkins,nconst,38,Q4
Johnny Depp,nconst,37,Q4
Willem Dafoe,nconst,36,Q4
Matt Damon,nconst,36,Q4
Sylvester Stallone,nconst,36,Q4
Woody Harrelson,nconst,35,Q4
Denzel Washington,nconst,35,Q4
Gene Hackman,nconst,34,Q4
Tom Cruise,nconst,34,Q4
Michael Caine,nconst,34,Q4
Liam Neeson,nconst,34,Q4
Gary Oldman,nconst,32,Q4
Brad Pitt,nconst,31,Q4
Ben Kingsley,nconst,31,Q4
Ben Affleck,nconst,31,Q4
John Cusack,nconst,31,Q4
Robert Downey Jr.,nconst,31,Q4
Colin Farrell,nconst,31,Q4
Al Pacino,nconst,30,Q4
Ewan McGregor,nconst,30,Q4
Keanu Reeves,nconst,30,Q4
Kevin Costner,nconst,30,Q4
Christian Bale,nconst,30,Q4
Tom Hanks,nconst,30,Q4
Jason Statham,nconst,29,Q4
Christopher Walken,nconst,28,Q4
John Travolta,nconst,28,Q4
John Goodman,nconst,28,Q4
Robert Duvall,nconst,28,Q4
Harrison Ford,nconst,28,Q4
Adam Sandler,nconst,28,Q4
Antonio Banderas,nconst,28,Q4
Kurt Russell,nconst,28,Q4
Jeff Bridges,nconst,28,Q4
Ryan Reynolds,nconst,28,Q4
Dwayne Johnson,nconst,28,Q4
Jude Law,nconst,27,Q4
Robin Williams,nconst,27,Q4
Ed Harris,nconst,27,Q4
George Clooney,nconst,27,Q4
Sean Penn,nconst,27,Q4
Sean Connery,nconst,27,Q4
Michael Douglas,nconst,27,Q4
Vince Vaughn,nconst,27,Q4
Owen Wilson,nconst,26,Q4
Mel Gibson,nconst,26,Q4
Alec Baldwin,nconst,26,Q4
Tim Robbins,nconst,26,Q4
Matthew McConaughey,nconst,26,Q4
Will Ferrell,nconst,26,Q4
Russell Crowe,nconst,26,Q4
Kevin Spacey,nconst,26,Q4
Clint Eastwood,nconst,26,Q4
Robert Redford,nconst,26,Q4
John Malkovich,nconst,25,Q4
Tommy Lee Jones,nconst,25,Q4
Kevin Bacon,nconst,25,Q4
Donald Sutherland,nconst,25,Q4
Ralph Fiennes,nconst,25,Q4
Gerard Butler,nconst,24,Q4
Akshay Kumar,nconst,24,Q4
Steve Martin,nconst,24,Q4
Dustin Hoffman,nconst,24,Q4
Joaquin Phoenix,nconst,24,Q4
Jake Gyllenhaal,nconst,24,Q4
Billy Bob Thornton,nconst,23,Q4
Leonardo DiCaprio,nconst,23,Q4
Will Smith,nconst,23,Q4
Mark Ruffalo,nconst,23,Q4
Forest Whitaker,nconst,23,Q4
Danny DeVito,nconst,23,Q4
Tom Wilkinson,nconst,22,Q4
Ben Stiller,nconst,22,Q4
Ethan Hawke,nconst,22,Q4
Edward Norton,nconst,22,Q4
Christopher Plummer,nconst,22,Q4
Dan Aykroyd,nconst,22,Q4
Jack Nicholson,nconst,22,Q4
Eddie Murphy,nconst,22,Q4
John C. Reilly,nconst,22,Q4
Guy Pearce,nconst,22,Q4
Greg Kinnear,nconst,22,Q4
Philip Seymour Hoffman,nconst,21,Q4
Bill Murray,nconst,21,Q4
Jesse Eisenberg,nconst,21,Q4
Pierce Brosnan,nconst,21,Q4
Val Kilmer,nconst,21,Q4
Bradley Cooper,nconst,21,Q4
Hugh Jackman,nconst,21,Q4
Clive Owen,nconst,20,Q4
Richard Gere,nconst,20,Q4
Vincent D'Onofrio,nconst,20,Q4
John Leguizamo,nconst,20,Q4
Paul Rudd,nconst,20,Q4
Kevin Kline,nconst,20,Q4
Benicio Del Toro,nconst,20,Q4
Shah Rukh Khan,nconst,20,Q4
Stanley Tucci,nconst,20,Q4
Arnold Schwarzenegger,nconst,20,Q4
Ray Liotta,nconst,19,Q4
Vin Diesel,nconst,19,Q4
James Franco,nconst,19,Q4
Geoffrey Rush,nconst,19,Q4
Steve Carell,nconst,19,Q4
Jamie Foxx,nconst,19,Q4
Colin Firth,nconst,19,Q4
Laurence Fishburne,nconst,19,Q4
Jim Carrey,nconst,19,Q4
Harvey Keitel,nconst,19,Q4
Steve Zahn,nconst,18,Q4
Chris Evans,nconst,18,Q4
Shia LaBeouf,nconst,18,Q4
James McAvoy,nconst,18,Q4
Michael Fassbender,nconst,18,Q4
Marlon Brando,nconst,18,Q4
Ryan Gosling,nconst,18,Q4
Jack Black,nconst,18,Q4
Ice Cube,nconst,18,Q4
Bill Paxton,nconst,18,Q4
Don Cheadle,nconst,18,Q4
Nick Nolte,nconst,18,Q4
Josh Brolin,nconst,18,Q4
Wesley Snipes,nconst,18,Q4
Sam Neill,nconst,17,Q4
Paul Giamatti,nconst,17,Q4
Peter Sarsgaard,nconst,17,Q4
Channing Tatum,nconst,17,Q4
Liev Schreiber,nconst,17,Q4
Aaron Eckhart,nconst,17,Q4
Salman Khan,nconst,17,Q4
Jean Reno,nconst,17,Q4
William Hurt,nconst,16,Q4
Michael Keaton,nconst,16,Q4
Jeff Daniels,nconst,16,Q4
Jamie Bell,nconst,16,Q4
Max von Sydow,nconst,16,Q4
Ben Foster,nconst,16,Q4
Charlie Sheen,nconst,16,Q4
Amitabh Bachchan,nconst,16,Q4
Emile Hirsch,nconst,16,Q4
Elijah Wood,nconst,16,Q4
Stellan Skarsgard,nconst,16,Q4
John Wayne,nconst,16,Q4
Jason Bateman,nconst,16,Q4
Mickey Rourke,nconst,16,Q4
Christian Slater,nconst,16,Q4
Adrien Brody,nconst,16,Q4
Joel Edgerton,nconst,16,Q4
Oscar Isaac,nconst,15,Q4
Nicholas Hoult,nconst,15,Q4
Kiefer Sutherland,nconst,15,Q4
Daniel Radcliffe,nconst,15,Q4
Jon Voight,nconst,15,Q4
Michael Pena,nconst,15,Q4
Ving Rhames,nconst,15,Q4
Sam Rockwell,nconst,15,Q4
Seth Rogen,nconst,15,Q4
John Hurt,nconst,15,Q4
Heath Ledger,nconst,15,Q4
Danny Glover,nconst,15,Q4
Jeremy Irons,nconst,15,Q4
Anthony Mackie,nconst,15,Q4
Brendan Fraser,nconst,15,Q4
Seann William Scott,nconst,15,Q4
Mark Strong,nconst,15,Q4
Alfred Molina,nconst,15,Q4
Bill Nighy,nconst,15,Q4
Robert Pattinson,nconst,14,Q3
Joseph Gordon-Levitt,nconst,14,Q3
Jeff Goldblum,nconst,14,Q3
William H. Macy,nconst,14,Q3
Paul Newman,nconst,14,Q3
Orlando Bloom,nconst,14,Q3
Frank Langella,nconst,14,Q3
Jean-Claude Van Damme,nconst,14,Q3
Matt Dillon,nconst,14,Q3
Danny Huston,nconst,14,Q3
Chris Rock,nconst,14,Q3
Jack Lemmon,nconst,14,Q3
Josh Hutcherson,nconst,14,Q3
John Lithgow,nconst,14,Q3
Jonah Hill,nconst,14,Q3
Hayden Christensen,nconst,14,Q3
David Thewlis,nconst,14,Q3
Anupam Kher,nconst,14,Q3
Casey Affleck,nconst,14,Q3
Hugh Grant,nconst,14,Q3
Chiwetel Ejiofor,nconst,14,Q3
Paul Walker,nconst,14,Q3
Tom Hardy,nconst,14,Q3
Daniel Craig,nconst,14,Q3
James Caan,nconst,14,Q3
Patrick Wilson,nconst,14,Q3
Tim Roth,nconst,14,Q3
John Candy,nconst,13,Q3
Liam Hemsworth,nconst,13,Q3
Cillian Murphy,nconst,13,Q3
Matthew Broderick,nconst,13,Q3
John Turturro,nconst,13,Q3
Ian McKellen,nconst,13,Q3
Jeremy Renner,nconst,13,Q3
David Morse,nconst,13,Q3
Ryan Phillippe,nconst,13,Q3
Paresh Rawal,nconst,13,Q3
Bruce Dern,nconst,13,Q3
Kenneth Branagh,nconst,13,Q3
James Woods,nconst,13,Q3
Jim Broadbent,nconst,13,Q3
Javier Bardem,nconst,13,Q3
Dennis Hopper,nconst,13,Q3
Giovanni Ribisi,nconst,13,Q3
Tobey Maguire,nconst,13,Q3
Michael Shannon,nconst,13,Q3
Andy Garcia,nconst,13,Q3
Josh Hartnett,nconst,13,Q3
Daniel Stern,nconst,13,Q3
Brendan Gleeson,nconst,13,Q3
Bill Pullman,nconst,13,Q3
Eric Bana,nconst,12,Q3
Idris Elba,nconst,12,Q3
Chris Cooper,nconst,12,Q3
Peter Sellers,nconst,12,Q3
Steve Buscemi,nconst,12,Q3
Walter Matthau,nconst,12,Q3
Joseph Fiennes,nconst,12,Q3
Randy Quaid,nconst,12,Q3
Jackie Chan,nconst,12,Q3
Elias Koteas,nconst,12,Q3
Martin Lawrence,nconst,12,Q3
Jet Li,nconst,12,Q3
Tony Chiu-Wai Leung,nconst,12,Q3
J.K. Simmons,nconst,12,Q3
Jason Segel,nconst,12,Q3
Christopher Lloyd,nconst,12,Q3
Ciaran Hinds,nconst,12,Q3
Abhinay Raj Singh,nconst,12,Q3
Viggo Mortensen,nconst,12,Q3
Alan Arkin,nconst,12,Q3
Simon Pegg,nconst,12,Q3
Robert Loggia,nconst,11,Q3
James Coburn,nconst,11,Q3
Elliot Page,nconst,11,Q3
Alan Rickman,nconst,11,Q3
Sean Bean,nconst,11,Q3
Jon Bernthal,nconst,11,Q3
Kris Kristofferson,nconst,11,Q3
Cuba Gooding Jr.,nconst,11,Q3
Luke Wilson,nconst,11,Q3
Brian Cox,nconst,11,Q3
Terrence Howard,nconst,11,Q3
Chris Hemsworth,nconst,11,Q3
Chazz Palminteri,nconst,11,Q3
Richard Jenkins,nconst,11,Q3
Charlton Heston,nconst,11,Q3
Charlie Hunnam,nconst,11,Q3
James Marsden,nconst,11,Q3
Tom Berenger,nconst,11,Q3
Malcolm McDowell,nconst,11,Q3
Kevin Hart,nconst,11,Q3
Oliver Platt,nconst,11,Q3
Josh Lucas,nconst,11,Q3
Chris Pine,nconst,11,Q3
Adam Driver,nconst,11,Q3
Jim Sturgess,nconst,11,Q3
Peter Boyle,nconst,11,Q3
Burt Reynolds,nconst,11,Q3
Ed Helms,nconst,11,Q3
James Gandolfini,nconst,11,Q3
Billy Crudup,nconst,11,Q3
Djimon Hounsou,nconst,11,Q3
Andrew Garfield,nconst,11,Q3
Benedict Cumberbatch,nconst,11,Q3
Bruce Greenwood,nconst,11,Q3
Henry Fonda,nconst,11,Q3
Richard Crenna,nconst,11,Q3
Zach Galifianakis,nconst,11,Q3
Alexander Skarsgard,nconst,10,Q3
Cary Elwes,nconst,10,Q3
Scott Glenn,nconst,10,Q3
Armie Hammer,nconst,10,Q3
Jim Caviezel,nconst,10,Q3
Michael Sheen,nconst,10,Q3
Jason Clarke,nconst,10,Q3
Dermot Mulroney,nconst,10,Q3
James Mason,nconst,10,Q3
Alessandro Nivola,nconst,10,Q3
Albert Finney,nconst,10,Q3
Robert Carlyle,nconst,10,Q3
Paul Bettany,nconst,10,Q3
Edgar Ramirez,nconst,10,Q3
Zac Efron,nconst,10,Q3
Steven Seagal,nconst,10,Q3
Topher Grace,nconst,10,Q3
Thomas Haden Church,nconst,10,Q3
Michael Madsen,nconst,10,Q3
Burt Lancaster,nconst,10,Q3
Tyrese Gibson,nconst,10,Q3
Josh Duhamel,nconst,10,Q3
Rhys Ifans,nconst,10,Q3
Jeffrey Wright,nconst,10,Q3
Timothy Hutton,nconst,10,Q3
Thomas Jane,nconst,10,Q3
Michael Gambon,nconst,10,Q3
Christopher Lee,nconst,10,Q3
Marlon Wayans,nconst,10,Q3
Laurence Olivier,nconst,10,Q3
Jack Warden,nconst,10,Q3
Chevy Chase,nconst,10,Q3
Sam Shepard,nconst,10,Q3
Joe Pesci,nconst,10,Q3
Tom Sizemore,nconst,10,Q3
Emilio Estevez,nconst,10,Q3
Patrick Swayze,nconst,10,Q3
Michael J. Fox,nconst,10,Q3
Gary Sinise,nconst,10,Q3
Abhishek Bachchan,nconst,10,Q3
Vincent Cassel,nconst,10,Q3
Billy Crystal,nconst,10,Q3
Sam Worthington,nconst,10,Q3
John Heard,nconst,10,Q3
Derek Luke,nconst,10,Q3
Amrish Puri,nconst,10,Q3
Matthew Lillard,nconst,9,Q3
Martin Sheen,nconst,9,Q3
David Oyelowo,nconst,9,Q3
Anton Yelchin,nconst,9,Q3
Rupert Grint,nconst,9,Q3
Delroy Lindo,nconst,9,Q3
Christoph Waltz,nconst,9,Q3
Woody Allen,nconst,9,Q3
John Abraham,nconst,9,Q3
Michael Angarano,nconst,9,Q3
Jon Lovitz,nconst,9,Q3
Mads Mikkelsen,nconst,9,Q3
Josh Gad,nconst,9,Q3
Stephen Dorff,nconst,9,Q3
Luke Evans,nconst,9,Q3
Hrithik Roshan,nconst,9,Q3
Ajay Devgn,nconst,9,Q3
James Stewart,nconst,9,Q3
Robert Patrick,nconst,9,Q3
Lee Marvin,nconst,9,Q3
Kevin James,nconst,9,Q3
Dominic West,nconst,9,Q3
Danny Aiello,nconst,9,Q3
Saif Ali Khan,nconst,9,Q3
Anthony Quinn,nconst,9,Q3
Chris Pratt,nconst,9,Q3
Miles Teller,nconst,9,Q3
Kirk Douglas,nconst,9,Q3
Tim Allen,nconst,9,Q3
Sharlto Copley,nconst,9,Q3
Robert Shaw,nconst,9,Q3
Martin Balsam,nconst,9,Q3
Richard Dreyfuss,nconst,9,Q3
Gerard Depardieu,nconst,9,Q3
Tye Sheridan,nconst,9,Q3
Eugene Levy,nconst,9,Q3
Jon Favreau,nconst,9,Q3
Bryan Cranston,nconst,9,Q3
Tom Holland,nconst,9,Q3
Jeffrey Dean Morgan,nconst,9,Q3
Burt Young,nconst,9,Q3
Jason Biggs,nconst,9,Q3
Jonathan Pryce,nconst,9,Q3
Peter Dinklage,nconst,9,Q3
Ian McShane,nconst,9,Q3
Michael B. Jordan,nconst,9,Q3
Rodrigo Santoro,nconst,9,Q3
Eddie Redmayne,nconst,9,Q3
Luis Guzman,nconst,9,Q3
Aamir Khan,nconst,9,Q3
Matthew Goode,nconst,9,Q3
Logan Lerman,nconst,9,Q3
Anthony Anderson,nconst,9,Q3
Dominic Cooper,nconst,9,Q3
Henry Cavill,nconst,9,Q3
Danny Trejo,nconst,8,Q2
Brian Dennehy,nconst,8,Q2
Julian Sands,nconst,8,Q2
Michael Ealy,nconst,8,Q2
Om Puri,nconst,8,Q2
Karl Urban,nconst,8,Q2
Steve McQueen,nconst,8,Q2
Jason Schwartzman,nconst,8,Q2
Christopher Reeve,nconst,8,Q2
Peter O'Toole,nconst,8,Q2
George Kennedy,nconst,8,Q2
Martin Short,nconst,8,Q2
Jesse Plemons,nconst,8,Q2
Michael Rooker,nconst,8,Q2
Cole Hauser,nconst,8,Q2
Tony Shalhoub,nconst,8,Q2
Bob Hoskins,nconst,8,Q2
Gene Wilder,nconst,8,Q2
Clancy Brown,nconst,8,Q2
Adam Scott,nconst,8,Q2
Gabriel Macht,nconst,8,Q2
Ned Beatty,nconst,8,Q2
Chow Yun-Fat,nconst,8,Q2
Fred Ward,nconst,8,Q2
Mike Myers,nconst,8,Q2
Taye Diggs,nconst,8,Q2
Rob Schneider,nconst,8,Q2
Paul Dano,nconst,8,Q2
Garrett Hedlund,nconst,8,Q2
Ben Mendelsohn,nconst,8,Q2
Patrick Stewart,nconst,8,Q2
Rutger Hauer,nconst,8,Q2
John Cleese,nconst,8,Q2
Chris Klein,nconst,8,Q2
Michael Clarke Duncan,nconst,8,Q2
Hugo Weaving,nconst,8,Q2
Martin Freeman,nconst,8,Q2
Dan Fogler,nconst,8,Q2
Albert Brooks,nconst,8,Q2
Rory Culkin,nconst,8,Q2
Sam Elliott,nconst,8,Q2
Rufus Sewell,nconst,8,Q2
Aaron Taylor-Johnson,nconst,8,Q2
Chadwick Boseman,nconst,8,Q2
Cary Grant,nconst,8,Q2
Jason Sudeikis,nconst,8,Q2
Ron Perlman,nconst,8,Q2
Domhnall Gleeson,nconst,8,Q2
Gabriel Byrne,nconst,8,Q2
Jon Hamm,nconst,8,Q2
Charles Bronson,nconst,8,Q2
Justin Timberlake,nconst,8,Q2
Dev Patel,nconst,8,Q2
Taron Egerton,nconst,8,Q2
Tom Hiddleston,nconst,7,Q2
John Krasinski,nconst,7,Q2
Nawazuddin Siddiqui,nconst,7,Q2
George C. Scott,nconst,7,Q2
Ashton Kutcher,nconst,7,Q2
Christopher McDonald,nconst,7,Q2
Charles S. Dutton,nconst,7,Q2
Leslie Nielsen,nconst,7,Q2
Tom Skerritt,nconst,7,Q2
Cedric the Entertainer,nconst,7,Q2
Stephen Lang,nconst,7,Q2
Richard E. Grant,nconst,7,Q2
Michael Biehn,nconst,7,Q2
Anil Kapoor,nconst,7,Q2
Jason Patric,nconst,7,Q2
Thomas Kretschmann,nconst,7,Q2
Daniel Bruhl,nconst,7,Q2
Carl Weathers,nconst,7,Q2
James Spader,nconst,7,Q2
Raul Julia,nconst,7,Q2
Matthew Fox,nconst,7,Q2
David Spade,nconst,7,Q2
Rod Steiger,nconst,7,Q2
Michael Stuhlbarg,nconst,7,Q2
Alan Alda,nconst,7,Q2
Bradley Whitford,nconst,7,Q2
Dax Shepard,nconst,7,Q2
Dave Bautista,nconst,7,Q2
Irrfan Khan,nconst,7,Q2
Rupert Everett,nconst,7,Q2
Rainn Wilson,nconst,7,Q2
Stephen Dillane,nconst,7,Q2
Leonard Nimoy,nconst,7,Q2
Johnny Knoxville,nconst,7,Q2
Dennis Haysbert,nconst,7,Q2
Roy Scheider,nconst,7,Q2
Sebastian Stan,nconst,7,Q2
Barry Pepper,nconst,7,Q2
Sanjay Dutt,nconst,7,Q2
Justin Bartha,nconst,7,Q2
Michael Cera,nconst,7,Q2
Steve Guttenberg,nconst,7,Q2
Matthias Schoenaerts,nconst,7,Q2
Til Schweiger,nconst,7,Q2
William Shatner,nconst,7,Q2
Steve Coogan,nconst,7,Q2
50 Cent,nconst,7,Q2
Cam Gigandet,nconst,7,Q2
Taylor Kitsch,nconst,7,Q2
Herbert Lom,nconst,7,Q2
Mekhi Phifer,nconst,7,Q2
Jim Belushi,nconst,7,Q2
Richard Pryor,nconst,7,Q2
Timothy Olyphant,nconst,7,Q2
Ioan Gruffudd,nconst,7,Q2
Gary Busey,nconst,7,Q2
Charles Durning,nconst,7,Q2
Taylor Lautner,nconst,7,Q2
David Strathairn,nconst,7,Q2
David Arquette,nconst,7,Q2
Frank Grillo,nconst,7,Q2
Jai Courtney,nconst,7,Q2
Aidan Quinn,nconst,7,Q2
Joe Mantegna,nconst,7,Q2
David Niven,nconst,7,Q2
Bruno Ganz,nconst,7,Q2
Alec Guinness,nconst,7,Q2
Jason Isaacs,nconst,7,Q2
Edward Burns,nconst,7,Q2
Scott Speedman,nconst,7,Q2
Justin Long,nconst,7,Q2
Dolph Lundgren,nconst,7,Q2
Peter Mullan,nconst,7,Q2
Pat Hingle,nconst,7,Q2
Chris O'Donnell,nconst,7,Q2
Gael Garcia Bernal,nconst,7,Q2
Keith David,nconst,7,Q2
Jason Momoa,nconst,7,Q2
Rajkummar Rao,nconst,7,Q2
Edward Furlong,nconst,7,Q2
Naseeruddin Shah,nconst,7,Q2
Terence Hill,nconst,7,Q2
Rishi Kapoor,nconst,6,Q1
Andy Lau,nconst,6,Q1
Dylan McDermott,nconst,6,Q1
Clifton Collins Jr.,nconst,6,Q1
Giancarlo Esposito,nconst,6,Q1
Michael C. Hall,nconst,6,Q1
William Sadler,nconst,6,Q1
Michael Winslow,nconst,6,Q1
Campbell Scott,nconst,6,Q1
Ulrich Thomsen,nconst,6,Q1
Gregory Hines,nconst,6,Q1
Richard Harris,nconst,6,Q1
Oliver Reed,nconst,6,Q1
Colin Hanks,nconst,6,Q1
Ken Watanabe,nconst,6,Q1
Peter Gallagher,nconst,6,Q1
Dom DeLuise,nconst,6,Q1
Anthony LaPaglia,nconst,6,Q1
Pankaj Tripathi,nconst,6,Q1
Garret Dillahunt,nconst,6,Q1
Jay Baruchel,nconst,6,Q1
Nikolaj Lie Kaas,nconst,6,Q1
Bubba Smith,nconst,6,Q1
Ernest Borgnine,nconst,6,Q1
Arshad Warsi,nconst,6,Q1
Chris O'Dowd,nconst,6,Q1
David Graf,nconst,6,Q1
Sam Riley,nconst,6,Q1
Akshaye Khanna,nconst,6,Q1
Richard Burton,nconst,6,Q1
Billy Zane,nconst,6,Q1
Stephen Rea,nconst,6,Q1
Hector Elizondo,nconst,6,Q1
Lance Henriksen,nconst,6,Q1
Tim Curry,nconst,6,Q1
Ray Winstone,nconst,6,Q1
Dane Cook,nconst,6,Q1
David Carradine,nconst,6,Q1
J.T. Walsh,nconst,6,Q1
Tom Selleck,nconst,6,Q1
Nathan Lane,nconst,6,Q1
Paddy Considine,nconst,6,Q1
Charles Grodin,nconst,6,Q1
Robert Ryan,nconst,6,Q1
Max Minghella,nconst,6,Q1
Lloyd Bridges,nconst,6,Q1
Jared Leto,nconst,6,Q1
Freddie Prinze Jr.,nconst,6,Q1
Groucho Marx,nconst,6,Q1
Ryan O'Neal,nconst,6,Q1
David Warner,nconst,6,Q1
Jack Thompson,nconst,6,Q1
James Doohan,nconst,6,Q1
DeForest Kelley,nconst,6,Q1
Chico Marx,nconst,6,Q1
Brad Dourif,nconst,6,Q1
Harpo Marx,nconst,6,Q1
Warren Beatty,nconst,6,Q1
Jay Mohr,nconst,6,Q1
Jurgen Prochnow,nconst,6,Q1
Gregory Peck,nconst,6,Q1
Andy Serkis,nconst,6,Q1
Mike Epps,nconst,6,Q1
Sidney Poitier,nconst,6,Q1
Don Johnson,nconst,6,Q1
Tim Blake Nelson,nconst,6,Q1
Bud Spencer,nconst,6,Q1
Jonny Lee Miller,nconst,6,Q1
Jeremy Piven,nconst,6,Q1
Hank Azaria,nconst,6,Q1
James Garner,nconst,6,Q1
Michael York,nconst,6,Q1
Macaulay Culkin,nconst,6,Q1
Takashi Shimura,nconst,6,Q1
Nick Frost,nconst,6,Q1
George MacKay,nconst,6,Q1
Benjamin Bratt,nconst,6,Q1
Will Arnett,nconst,6,Q1
Will Patton,nconst,6,Q1
Rupert Friend,nconst,6,Q1
Billy Connolly,nconst,6,Q1
Tony Goldwyn,nconst,6,Q1
Dwight Yoakam,nconst,6,Q1
Jeffrey Jones,nconst,6,Q1
Timothy Spall,nconst,6,Q1
Anthony Edwards,nconst,6,Q1
Jonathan Rhys Meyers,nconst,6,Q1
Charlie Day,nconst,6,Q1
Scoot McNairy,nconst,6,Q1
Tony Curtis,nconst,6,Q1
Rip Torn,nconst,6,Q1
Chris Tucker,nconst,6,Q1
William Holden,nconst,6,Q1
Graham Greene,nconst,6,Q1
Terence Stamp,nconst,6,Q1
Freddie Highmore,nconst,6,Q1
Kyle Chandler,nconst,6,Q1
Craig T. Nelson,nconst,6,Q1
James Badge Dale,nconst,6,Q1
Zachary Quinto,nconst,6,Q1
Billy Burke,nconst,6,Q1
Jason Flemyng,nconst,6,Q1
Chi McBride,nconst,6,Q1
Rob Corddry,nconst,6,Q1
Dane DeHaan,nconst,6,Q1
Jack O'Connell,nconst,6,Q1
Karl Malden,nconst,6,Q1
Diego Luna,nconst,6,Q1
Boman Irani,nconst,6,Q1
Ronny Cox,nconst,6,Q1
Cliff Curtis,nconst,6,Q1
Peter Stormare,nconst,6,Q1
Ray Stevenson,nconst,6,Q1
Jack Reynor,nconst,6,Q1
Ben Whishaw,nconst,6,Q1
Chris Sarandon,nconst,6,Q1
David Koechner,nconst,5,Q1
Henry Thomas,nconst,5,Q1
Varun Dhawan,nconst,5,Q1
Suniel Shetty,nconst,5,Q1
Wes Bentley,nconst,5,Q1
Melvyn Douglas,nconst,5,Q1
Bokeem Woodbine,nconst,5,Q1
Edward G. Robinson,nconst,5,Q1
Udo Kier,nconst,5,Q1
Peter Cushing,nconst,5,Q1
Pete Postlethwaite,nconst,5,Q1
Ice-T,nconst,5,Q1
Toby Jones,nconst,5,Q1
Bobby Cannavale,nconst,5,Q1
Isaiah Washington,nconst,5,Q1
Hugh Dancy,nconst,5,Q1
Michael Jai White,nconst,5,Q1
Lou Diamond Phillips,nconst,5,Q1
Crispin Glover,nconst,5,Q1
Joe Pantoliano,nconst,5,Q1
Peter Coyote,nconst,5,Q1
Paul Scofield,nconst,5,Q1
Dean Martin,nconst,5,Q1
Chang Chen,nconst,5,Q1
Mark Hamill,nconst,5,Q1
John C. McGinley,nconst,5,Q1
Arjun Rampal,nconst,5,Q1
Dennis Farina,nconst,5,Q1
Colm Meaney,nconst,5,Q1
Geoffrey Lewis,nconst,5,Q1
Morris Chestnut,nconst,5,Q1
Asa Butterfield,nconst,5,Q1
Bruno Kirby,nconst,5,Q1
Tom Felton,nconst,5,Q1
Frankie Muniz,nconst,5,Q1
Ed O'Neill,nconst,5,Q1
John Cena,nconst,5,Q1
Walter Brennan,nconst,5,Q1
Leslie Cheung,nconst,5,Q1
Sener Sen,nconst,5,Q1
Kemal Sunal,nconst,5,Q1
Martin Donovan,nconst,5,Q1
Jack Hawkins,nconst,5,Q1
Jason Robards,nconst,5,Q1
Christian Clavier,nconst,5,Q1
David Caruso,nconst,5,Q1
Maury Chaykin,nconst,5,Q1
Donald Pleasence,nconst,5,Q1
Richard Jordan,nconst,5,Q1
Treat Williams,nconst,5,Q1
Toshiro Mifune,nconst,5,Q1
Patrick Fugit,nconst,5,Q1
Matthew Macfadyen,nconst,5,Q1
Harold Perrineau,nconst,5,Q1
Danny McBride,nconst,5,Q1
John Savage,nconst,5,Q1
Michael Chiklis,nconst,5,Q1
Burgess Meredith,nconst,5,Q1
Ben Johnson,nconst,5,Q1
William Atherton,nconst,5,Q1
James Cromwell,nconst,5,Q1
Noah Emmerich,nconst,5,Q1
Eric Idle,nconst,5,Q1
David Duchovny,nconst,5,Q1
Beau Bridges,nconst,5,Q1
Justin Theroux,nconst,5,Q1
Hugh Laurie,nconst,5,Q1
Jesse Bradford,nconst,5,Q1
Mark Addy,nconst,5,Q1
Craig Bierko,nconst,5,Q1
Joe Anderson,nconst,5,Q1
Rick Moranis,nconst,5,Q1
Mel Brooks,nconst,5,Q1
Yasiin Bey,nconst,5,Q1
Matthew Perry,nconst,5,Q1
Armand Assante,nconst,5,Q1
Jackie Earle Haley,nconst,5,Q1
Daryl Sabara,nconst,5,Q1
Takeshi Kaneshiro,nconst,5,Q1
Mithun Chakraborty,nconst,5,Q1
Orlando Jones,nconst,5,Q1
Judge Reinhold,nconst,5,Q1
Bill Hader,nconst,5,Q1
Rowan Atkinson,nconst,5,Q1
Alexander Ludwig,nconst,5,Q1
LL Cool J,nconst,5,Q1
Andre 3000,nconst,5,Q1
Chris Messina,nconst,5,Q1
John Ritter,nconst,5,Q1
Jeremy Irvine,nconst,5,Q1
Dan Hedaya,nconst,5,Q1
Emory Cohen,nconst,5,Q1
Craig Robinson,nconst,5,Q1
Michael Nyqvist,nconst,5,Q1
Aaron Paul,nconst,5,Q1
Clark Duke,nconst,5,Q1
Martin Landau,nconst,5,Q1
Randeep Hooda,nconst,5,Q1
Daniel Day-Lewis,nconst,5,Q1
Hal Holbrook,nconst,5,Q1
Hugh Bonneville,nconst,5,Q1
Milo Ventimiglia,nconst,5,Q1
Ed Skrein,nconst,5,Q1
John Lone,nconst,5,Q1
Dylan Baker,nconst,5,Q1
Jerry O'Connell,nconst,5,Q1
Sean Patrick Flanery,nconst,5,Q1
John Boyega,nconst,5,Q1
Ian Holm,nconst,5,Q1
William Baldwin,nconst,5,Q1
Paul Freeman,nconst,5,Q1
Bryan Brown,nconst,5,Q1
Jeffrey Tambor,nconst,5,Q1
Jack Huston,nconst,5,Q1
John Hawkes,nconst,5,Q1
Spencer Tracy,nconst,5,Q1
Richard Attenborough,nconst,5,Q1
Farhan Akhtar,nconst,5,Q1
Tyler Perry,nconst,5,Q1
Toby Kebbell,nconst,5,Q1
Haley Joel Osment,nconst,5,Q1
Norman Reedus,nconst,5,Q1
Aidan Gillen,nconst,5,Q1
Alex Pettyfer,nconst,5,Q1
Damon Wayans,nconst,5,Q1
Saurabh Shukla,nconst,5,Q1
Roger Moore,nconst,5,Q1
Kevin Heffernan,nconst,5,Q1
Jay Chandrasekhar,nconst,5,Q1
Orson Welles,nconst,5,Q1
Gary Cooper,nconst,5,Q1
James D'Arcy,nconst,5,Q1
Frank Whaley,nconst,5,Q1
Ben Gazzara,nconst,5,Q1
Bob Balaban,nconst,5,Q1
Riz Ahmed,nconst,5,Q1
Ron Livingston,nconst,5,Q1
Caleb Landry Jones,nconst,5,Q1
Adam Brody,nconst,5,Q1
Robert Prosky,nconst,5,Q1
Manoj Bajpayee,nconst,5,Q1
Rob Brown,nconst,5,Q1
